movieid,top_name
tt0120179,low_rated_movies_link.
tt0312528,low_rated_movies_link.
tt0065832,low_rated_movies_link.
tt0785077,low_rated_movies_link.
tt0808240,low_rated_movies_link.
tt0275022,low_rated_movies_link.
tt7608028,low_rated_movies_link.
tt0060666,low_rated_movies_link.
tt0804492,low_rated_movies_link.
tt0432291,low_rated_movies_link.
tt0093300,low_rated_movies_link.
tt2467046,low_rated_movies_link.
tt0424774,low_rated_movies_link.
tt0400426,low_rated_movies_link.
tt4667094,low_rated_movies_link.
tt0291502,low_rated_movies_link.
tt0369226,low_rated_movies_link.
tt2574698,low_rated_movies_link.
tt0120185,low_rated_movies_link.
tt2403029,low_rated_movies_link.
tt0120207,low_rated_movies_link.
tt0076009,low_rated_movies_link.
tt0157262,low_rated_movies_link.
tt0058548,low_rated_movies_link.
tt0329028,low_rated_movies_link.
tt1517489,low_rated_movies_link.
tt0339034,low_rated_movies_link.
tt0368226,low_rated_movies_link.
tt0118661,low_rated_movies_link.
tt0372873,low_rated_movies_link.
tt0118589,low_rated_movies_link.
tt0094118,low_rated_movies_link.
tt0110978,low_rated_movies_link.
tt1255919,low_rated_movies_link.
tt1185266,low_rated_movies_link.
tt0811138,low_rated_movies_link.
tt0111301,low_rated_movies_link.
tt1883367,low_rated_movies_link.
tt6513656,low_rated_movies_link.
tt0308208,low_rated_movies_link.
tt0804452,low_rated_movies_link.
tt0450345,low_rated_movies_link.
tt0089280,low_rated_movies_link.
tt0110647,low_rated_movies_link.
tt3138104,low_rated_movies_link.
tt0118665,low_rated_movies_link.
tt0110857,low_rated_movies_link.
tt0103923,low_rated_movies_link.
tt1572311,low_rated_movies_link.
tt4458206,low_rated_movies_link.
tt0926129,low_rated_movies_link.
tt0460780,low_rated_movies_link.
tt4877122,low_rated_movies_link.
tt0462244,low_rated_movies_link.
tt0185183,low_rated_movies_link.
tt1714203,low_rated_movies_link.
tt0799949,low_rated_movies_link.
tt1411664,low_rated_movies_link.
tt0096870,low_rated_movies_link.
tt0115624,low_rated_movies_link.
tt0327554,low_rated_movies_link.
tt1014775,low_rated_movies_link.
tt1530509,low_rated_movies_link.
tt0795461,low_rated_movies_link.
tt0180052,low_rated_movies_link.
tt0466342,low_rated_movies_link.
tt0118688,low_rated_movies_link.
tt0417056,low_rated_movies_link.
tt0246894,low_rated_movies_link.
tt0383222,low_rated_movies_link.
tt5690360,low_rated_movies_link.
tt1666186,low_rated_movies_link.
tt0897361,low_rated_movies_link.
tt4009460,low_rated_movies_link.
tt1073498,low_rated_movies_link.
tt1153706,low_rated_movies_link.
tt0891592,low_rated_movies_link.
tt0317676,low_rated_movies_link.
tt1098327,low_rated_movies_link.
tt0158622,low_rated_movies_link.
tt0085750,low_rated_movies_link.
tt1316037,low_rated_movies_link.
tt0118539,low_rated_movies_link.
tt0421051,low_rated_movies_link.
tt0094074,low_rated_movies_link.
tt7431594,low_rated_movies_link.
tt0119707,low_rated_movies_link.
tt0295427,low_rated_movies_link.
tt0270846,low_rated_movies_link.
tt0190374,low_rated_movies_link.
tt7668842,low_rated_movies_link.
tt1231277,low_rated_movies_link.
tt0116756,low_rated_movies_link.
tt0299930,low_rated_movies_link.
tt0105643,low_rated_movies_link.
tt0810913,low_rated_movies_link.
tt1213644,low_rated_movies_link.
tt0295254,low_rated_movies_link.
tt0362165,low_rated_movies_link.
tt0095560,low_rated_movies_link.
tt0098772,low_rated_tv_link.
tt1973659,low_rated_tv_link.
tt0167735,low_rated_tv_link.
tt2660922,low_rated_tv_link.
tt3913910,low_rated_tv_link.
tt0859503,low_rated_tv_link.
tt0320969,low_rated_tv_link.
tt3101362,low_rated_tv_link.
tt1466565,low_rated_tv_link.
tt0430836,low_rated_tv_link.
tt3144026,low_rated_tv_link.
tt1809909,low_rated_tv_link.
tt3100634,low_rated_tv_link.
tt6119890,low_rated_tv_link.
tt4033696,low_rated_tv_link.
tt1360544,low_rated_tv_link.
tt3855912,low_rated_tv_link.
tt2341819,low_rated_tv_link.
tt0398429,low_rated_tv_link.
tt5684430,low_rated_tv_link.
tt2010634,low_rated_tv_link.
tt4160920,low_rated_tv_link.
tt7833530,low_rated_tv_link.
tt1674023,low_rated_tv_link.
tt3185682,low_rated_tv_link.
tt2053650,low_rated_tv_link.
tt4363582,low_rated_tv_link.
tt2811472,low_rated_tv_link.
tt3648886,low_rated_tv_link.
tt0186747,low_rated_tv_link.
tt6410966,low_rated_tv_link.
tt4123482,low_rated_tv_link.
tt2287380,low_rated_tv_link.
tt0115206,low_rated_tv_link.
tt6849940,low_rated_tv_link.
tt5608708,low_rated_tv_link.
tt2154793,low_rated_tv_link.
tt1796975,low_rated_tv_link.
tt0853078,low_rated_tv_link.
tt3948184,low_rated_tv_link.
tt0167515,low_rated_tv_link.
tt1960787,low_rated_tv_link.
tt3485248,low_rated_tv_link.
tt0158522,low_rated_tv_link.
tt0222529,low_rated_tv_link.
tt1459294,low_rated_tv_link.
tt1355237,low_rated_tv_link.
tt1002739,low_rated_tv_link.
tt6193484,low_rated_tv_link.
tt6370626,low_rated_tv_link.
tt0293725,low_rated_tv_link.
tt0338592,low_rated_tv_link.
tt0328732,low_rated_tv_link.
tt1429551,low_rated_tv_link.
tt1305560,low_rated_tv_link.
tt0217211,low_rated_tv_link.
tt6401430,low_rated_tv_link.
tt4048256,low_rated_tv_link.
tt4566242,low_rated_tv_link.
tt0300802,low_rated_tv_link.
tt0402701,low_rated_tv_link.
tt2543256,low_rated_tv_link.
tt1489432,low_rated_tv_link.
tt6026132,low_rated_tv_link.
tt1344959,low_rated_tv_link.
tt3897284,low_rated_tv_link.
tt2170392,low_rated_tv_link.
tt1210781,low_rated_tv_link.
tt6959064,low_rated_tv_link.
tt0362350,low_rated_tv_link.
tt1792654,low_rated_tv_link.
tt2059031,low_rated_tv_link.
tt0197151,low_rated_tv_link.
tt1863997,low_rated_tv_link.
tt0143060,low_rated_tv_link.
tt1625263,low_rated_tv_link.
tt7036530,low_rated_tv_link.
tt1055136,low_rated_tv_link.
tt0426745,low_rated_tv_link.
tt0844203,low_rated_tv_link.
tt1454750,low_rated_tv_link.
tt0105970,low_rated_tv_link.
tt0348512,low_rated_tv_link.
tt2279571,low_rated_tv_link.
tt1833558,low_rated_tv_link.
tt0362339,low_rated_tv_link.
tt0247094,low_rated_tv_link.
tt3218114,low_rated_tv_link.
tt1817054,low_rated_tv_link.
tt4351348,low_rated_tv_link.
tt0421470,low_rated_tv_link.
tt0465347,low_rated_tv_link.
tt1372153,low_rated_tv_link.
tt2337458,low_rated_tv_link.
tt3824018,low_rated_tv_link.
tt1192302,low_rated_tv_link.
tt1933836,low_rated_tv_link.
tt0834012,low_rated_tv_link.
tt0403824,low_rated_tv_link.
tt1443593,low_rated_tv_link.
tt0072684,top_rated_movies_link.
tt0338564,top_rated_movies_link.
tt0113277,top_rated_movies_link.
tt0040522,top_rated_movies_link.
tt0070735,top_rated_movies_link.
tt0338013,top_rated_movies_link.
tt5074352,top_rated_movies_link.
tt1950186,top_rated_movies_link.
tt0046438,top_rated_movies_link.
tt1201607,top_rated_movies_link.
tt0031381,top_rated_movies_link.
tt0080678,top_rated_movies_link.
tt2119532,top_rated_movies_link.
tt1895587,top_rated_movies_link.
tt0021749,top_rated_movies_link.
tt0064116,top_rated_movies_link.
tt0253474,top_rated_movies_link.
tt0120735,top_rated_movies_link.
tt0078748,top_rated_movies_link.
tt0107207,top_rated_movies_link.
tt0022100,top_rated_movies_link.
tt0245712,top_rated_movies_link.
tt0080684,top_rated_movies_link.
tt0094625,top_rated_movies_link.
tt0114709,top_rated_movies_link.
tt0087544,top_rated_movies_link.
tt0099685,top_rated_movies_link.
tt0041959,top_rated_movies_link.
tt3417422,top_rated_movies_link.
tt0816692,top_rated_movies_link.
tt3170832,top_rated_movies_link.
tt0033467,top_rated_movies_link.
tt0097576,top_rated_movies_link.
tt0059578,top_rated_movies_link.
tt0469494,top_rated_movies_link.
tt0040897,top_rated_movies_link.
tt0986264,top_rated_movies_link.
tt0015324,top_rated_movies_link.
tt0082096,top_rated_movies_link.
tt1255953,top_rated_movies_link.
tt0266697,top_rated_movies_link.
tt0042041,top_rated_movies_link.
tt0090605,top_rated_movies_link.
tt0093058,top_rated_movies_link.
tt0092067,top_rated_movies_link.
tt0042192,top_rated_movies_link.
tt5027774,top_rated_movies_link.
tt4154756,top_rated_movies_link.
tt0015864,top_rated_movies_link.
tt0468569,top_rated_movies_link.
tt0066921,top_rated_movies_link.
tt0047296,top_rated_movies_link.
tt0407887,top_rated_movies_link.
tt0095016,top_rated_movies_link.
tt1028532,top_rated_movies_link.
tt4016934,top_rated_movies_link.
tt0089881,top_rated_movies_link.
tt0112641,top_rated_movies_link.
tt0119698,top_rated_movies_link.
tt0043338,top_rated_movies_link.
tt0053291,top_rated_movies_link.
tt0082971,top_rated_movies_link.
tt1291584,top_rated_movies_link.
tt0117951,top_rated_movies_link.
tt0758758,top_rated_movies_link.
tt0109830,top_rated_movies_link.
tt0052618,top_rated_movies_link.
tt0105695,top_rated_movies_link.
tt0372784,top_rated_movies_link.
tt0364569,top_rated_movies_link.
tt0060107,top_rated_movies_link.
tt0482571,top_rated_movies_link.
tt0078788,top_rated_movies_link.
tt0044741,top_rated_movies_link.
tt1392190,top_rated_movies_link.
tt0095765,top_rated_movies_link.
tt1305806,top_rated_movies_link.
tt0978762,top_rated_movies_link.
tt0120382,top_rated_movies_link.
tt0086250,top_rated_movies_link.
tt0047478,top_rated_movies_link.
tt1205489,top_rated_movies_link.
tt0050986,top_rated_movies_link.
tt1187043,top_rated_movies_link.
tt0046268,top_rated_movies_link.
tt0084787,top_rated_movies_link.
tt0091763,top_rated_movies_link.
tt0374887,top_rated_movies_link.
tt0079944,top_rated_movies_link.
tt0058946,top_rated_movies_link.
tt2380307,top_rated_movies_link.
tt0087843,top_rated_movies_link.
tt0050212,top_rated_movies_link.
tt0040725,top_rated_movies_link.
tt0102926,top_rated_movies_link.
tt2015381,top_rated_movies_link.
tt8108198,top_rated_movies_link.
tt0034583,top_rated_movies_link.
tt0209144,top_rated_movies_link.
tt0060196,top_rated_movies_link.
tt7221388,top_rated_tv_link.
tt5555260,top_rated_tv_link.
tt1486217,top_rated_tv_link.
tt0118266,top_rated_tv_link.
tt2401256,top_rated_tv_link.
tt1494191,top_rated_tv_link.
tt0318871,top_rated_tv_link.
tt5788792,top_rated_tv_link.
tt0237123,top_rated_tv_link.
tt1865718,top_rated_tv_link.
tt0096697,top_rated_tv_link.
tt1305826,top_rated_tv_link.
tt0804503,top_rated_tv_link.
tt2528254,top_rated_tv_link.
tt0306414,top_rated_tv_link.
tt0062588,top_rated_tv_link.
tt7920978,top_rated_tv_link.
tt2802850,top_rated_tv_link.
tt0108778,top_rated_tv_link.
tt2560140,top_rated_tv_link.
tt1733785,top_rated_tv_link.
tt2243973,top_rated_tv_link.
tt5491994,top_rated_tv_link.
tt1474684,top_rated_tv_link.
tt0111893,top_rated_tv_link.
tt0129690,top_rated_tv_link.
tt1657563,top_rated_tv_link.
tt0121955,top_rated_tv_link.
tt0472027,top_rated_tv_link.
tt5288312,top_rated_tv_link.
tt7278862,top_rated_tv_link.
tt0182629,top_rated_tv_link.
tt0275137,top_rated_tv_link.
tt3718778,top_rated_tv_link.
tt0367279,top_rated_tv_link.
tt0080297,top_rated_tv_link.
tt0995832,top_rated_tv_link.
tt4574334,top_rated_tv_link.
tt0994314,top_rated_tv_link.
tt0053488,top_rated_tv_link.
tt0286486,top_rated_tv_link.
tt0074006,top_rated_tv_link.
tt0403778,top_rated_tv_link.
tt0203082,top_rated_tv_link.
tt2303687,top_rated_tv_link.
tt4508902,top_rated_tv_link.
tt4288182,top_rated_tv_link.
tt1227926,top_rated_tv_link.
tt0071075,top_rated_tv_link.
tt8788458,top_rated_tv_link.
tt2306299,top_rated_tv_link.
tt1230180,top_rated_tv_link.
tt5753856,top_rated_tv_link.
tt0434706,top_rated_tv_link.
tt6905542,top_rated_tv_link.
tt6111552,top_rated_tv_link.
tt6108262,top_rated_tv_link.
tt2297757,top_rated_tv_link.
tt0081834,top_rated_tv_link.
tt2085059,top_rated_tv_link.
tt7366338,top_rated_tv_link.
tt2433738,top_rated_tv_link.
tt9253866,top_rated_tv_link.
tt2049116,top_rated_tv_link.
tt2395695,top_rated_tv_link.
tt0081846,top_rated_tv_link.
tt0112159,top_rated_tv_link.
tt8289930,top_rated_tv_link.
tt0075520,top_rated_tv_link.
tt0436992,top_rated_tv_link.
tt1535002,top_rated_tv_link.
tt4158110,top_rated_tv_link.
tt0098904,top_rated_tv_link.
tt6025022,top_rated_tv_link.
tt4742876,top_rated_tv_link.
tt1475582,top_rated_tv_link.
tt4082744,top_rated_tv_link.
tt0423731,top_rated_tv_link.
tt1586680,top_rated_tv_link.
tt0090509,top_rated_tv_link.
tt4299972,top_rated_tv_link.
tt1442449,top_rated_tv_link.
tt6478318,top_rated_tv_link.
tt3322312,top_rated_tv_link.
tt6077448,top_rated_tv_link.
tt1518542,top_rated_tv_link.
tt0047708,top_rated_tv_link.
tt0088484,top_rated_tv_link.
tt2707408,top_rated_tv_link.
tt0807832,top_rated_tv_link.
tt2244495,top_rated_tv_link.
tt3398228,top_rated_tv_link.
tt0096639,top_rated_tv_link.
tt1806234,top_rated_tv_link.
tt0083390,top_rated_tv_link.
tt3920596,top_rated_tv_link.
tt0103584,top_rated_tv_link.
tt6769208,top_rated_tv_link.
tt8595766,top_rated_tv_link.
tt3671754,top_rated_tv_link.
